00:13:72:87:7f:41, 10.116.99.148, maxwell_0
3C:52:82:6F:68:86, 10.116.99.149, maxwell_1
48:0f:cf:67:8c:c0, 10.116.99.150, maxwell_2
94:57:a5:ec:9e:31, 10.116.99.151, maxwell_3
dc:4a:3e:72:d9:11, 10.116.99.152, maxwell_4
48:0f:cf:67:d9:d4, 10.116.99.153, maxwell_5
94:57:a5:ec:d0:9a, 10.116.99.154, maxwell_6
00:26:55:3e:3a:52, 10.116.99.155, maxwell_7
70:5a:0f:45:2b:98, 10.116.99.156, maxwell_8
94:57:a5:ec:d0:a0, 10.116.99.157, maxwell_9
94:57:a5:ec:98:24, 10.116.99.158, maxwell_10
3C:52:82:6F:7B:49, 10.116.99.159, maxwell_11
94:57:a5:ec:98:22, 10.116.99.160, maxwell_12
48:0f:cf:67:5c:fc, 10.116.99.161, maxwell_13
48:0f:cf:67:da:9f, 10.116.99.162, maxwell_14
94:57:a5:ec:98:21, 10.116.99.163, maxwell_15
3C:52:82:75:61:38, 10.116.99.164, maxwell_16
3C:52:82:75:9D:37, 10.116.99.165, maxwell_17
3C:52:82:6D:71:8D, 10.116.99.166, maxwell_18
3C:52:82:73:2C:38, 10.116.99.167, maxwell_19
3C:52:82:6B:3E:4B, 10.116.99.168, maxwell_20
24:be:05:1d:98:5a, 10.116.99.169, maxwell_21
2c:41:38:a1:ec:8f, 10.116.99.170, maxwell_22
64:31:50:19:b8:c7, 10.116.99.171, maxwell_23
24:be:05:1d:98:6e, 10.116.99.172, maxwell_24
3C:52:82:73:10:27, 10.116.99.173, maxwell_25
