00:13:72:87:d7:34, 10.116.99.86, newton_0
00:26:55:42:9b:c2, 10.116.99.87, newton_1
00:26:55:42:98:c4, 10.116.99.88, newton_2
00:26:55:42:9c:34, 10.116.99.89, newton_3
00:26:55:42:94:65, 10.116.99.90, newton_4
00:26:55:42:93:d6, 10.116.99.91, newton_5
00:26:55:42:95:76, 10.116.99.92, newton_6
00:26:55:42:9a:56, 10.116.99.93, newton_7
00:24:81:92:08:cb, 10.116.99.94, newton_8
00:24:81:92:07:f8, 10.116.99.95, newton_9
00:26:55:42:9a:41, 10.116.99.96, newton_10
00:26:55:42:9b:45, 10.116.99.97, newton_11
00:24:81:92:08:cd, 10.116.99.98, newton_12
00:26:55:42:9a:d4, 10.116.99.99, newton_13
00:24:81:92:08:cf, 10.116.99.100, newton_14
00:24:81:92:06:10, 10.116.99.101, newton_15
00:26:55:42:9c:39, 10.116.99.102, newton_16
00:26:55:42:92:e2, 10.116.99.103, newton_17
00:24:81:8f:4b:c3, 10.116.99.104, newton_18
00:26:55:42:9c:30, 10.116.99.105, newton_19
00:26:55:42:9b:be, 10.116.99.106, newton_20
d8:50:e6:d5:40:69, 10.116.99.107, newton_21
00:24:81:92:07:f5, 10.116.99.108, newton_22
d8:50:e6:d5:53:a1, 10.116.99.109, newton_23
6c:3b:e5:0d:84:3b, 10.116.99.110, newton_24
d8:50:e6:d5:55:70, 10.116.99.111, newton_25
